<?xml version="1.0" encoding="utf-8" ?>
<Patch>         
                <Operation Class="PatchOperationReplace">
                    <xpath>Defs/ResearchProjectDef[defName="GR_GenetrainerRepurposing"]/techLevel</xpath>
                    <value><techLevel>Spacer</techLevel></value>
                </Operation>
                <Operation Class="PatchOperationAdd">
                    <xpath>Defs/ResearchProjectDef[defName="GR_GenetrainerRepurposing"]</xpath>
                    <value>
                      <requiredResearchBuilding>HiTechResearchBench</requiredResearchBuilding>
                    </value>
                </Operation>
</Patch>