<?xml version="1.0" encoding="utf-8" ?>
<loadFolders>
	<v1.5>
		<li>/</li>
		<li>Common</li>
		<li>1.5</li>
		<li IfModActive="VanillaExpanded.VFEA">1.5/Patches/Research_Patches/VFE Ancients</li>
		<li IfModActive="VanillaExpanded.VGeneticsE">1.5/Patches/Research_Patches/VE Genetics</li>
		<li IfModActive="sarg.alphagenes">1.5/Patches/Research_Patches/Alpha Genes</li>
		<li IfModActive="DanielWedemeyer.GeneRipper">1.5/Patches/Research_Patches/Gene Ripper</li>
		<li IfModActive="resplice.xotr.core">1.5/Patches/Research_Patches/Resplice Core</li>
		<li IfModActive="VanillaExpanded.VGeneticsEMoreLabStuff">1.5/Patches/Research_Patches/VGE More Lab Stuff</li>
	</v1.5>
</loadFolders>
