﻿<?xml version="1.0" encoding="utf-8"?>
<ModMetaData>
	<name>Rimworld Biotech Extended</name> 
	<author>CTH2004, Ferny</author>
	<packageId>chtech.biotech.genesExtend</packageId> <!-- the ID will definitly change. the first 2 parts are good (might replace biotech with bio), but the last one... -->
	<url>https://github.com/CHTechIndustries/CHTechIndustries-Rimworld-Core/wiki</url>
	<modVersion>1.0.0</modVersion>
	<supportedVersions>
		<li>1.5</li>
	</supportedVersions>
	<description>a mod that is designed with 1 pourpuse: to merge and integrate different biotech mods, based around:
	
	Vanilla Factions Expanded: Ancients
	Biotech
	Vanilla Genetics Expanded
	
	or, to quote Progression- Genetics: "Reintegrates genetic technologies for a more cohesive Rimworld."
</description>

	<modDependencies>
	<!-- Replace and manipulate for your dependencies-->
		<li>
			<packageId>Ludeon.RimWorld.Biotech</packageId>
			<displayName>Biotech</displayName>
		</li>

		<li>
			<packageId>chtech.core</packageId>
			<displayName>CHTechIndustries Core</displayName>
			<steamWorkshopUrl>https://steamcommunity.com/sharedfiles/filedetails/?id=3097014712</steamWorkshopUrl>
			<downloadUrl>https://github.com/CHTechIndustries/CHTechIndustries-Rimworld-Core</downloadUrl>
		</li>
		
		<li>
			<packageId>vanillaexpanded.vgeneticse</packageId>
			<displayName>Vanilla Genetics Expanded</displayName>
			<steamWorkshopUrl>https://steamcommunity.com/sharedfiles/filedetails/?id=2801160906</steamWorkshopUrl>
		</li>
		<li>
			<packageId>vanillaexpanded.vgeneticsemorelabstuff</packageId>
			<displayName>Vanilla Genetics Expanded - More Lab Stuff</displayName>
			<steamWorkshopUrl>https://steamcommunity.com/sharedfiles/filedetails/?id=2810324444</steamWorkshopUrl>
		</li>
	</modDependencies>
	<loadAfter>
		<li>chtech.devorder</li>
	</loadAfter>
	<loadBefore>
		<li>gege.exportedxenotypestoragemodfolder</li>
		<li>smashphil.xmlpatchhelper</li>
	</loadBefore>
	<incompatibleWith>
		<li>ferny.progressiongenetics</li>
	</incompatibleWith>
</ModMetaData>