﻿<?xml version="1.0" encoding="utf-8"?>
<ModMetaData>
	<name>Rimworld Biotech Extended</name> 
	<author>CTH2004, Ferny</author>
	<packageId>chtech.biotech.genesExtend</packageId> <!-- the ID will definitly change. the first 2 parts are good (might replace biotech with bio), but the last one... -->
	<url>https://github.com/CHTechIndustries/CHTechIndustries-Rimworld-Core/wiki</url>
	<modVersion>1.0.0</modVersion>
	<supportedVersions>
		<li>1.5</li>
		<li>1.4</li>
	</supportedVersions>
	<descriptionsByVersion>
	<1.5>a mod that is designed with 1 pourpuse: to merge and integrate different biotech mods, based around:
	
	Vanilla Factions Expanded: Ancients
	Biotech
	Vanilla Genetics Expanded
	
	or, to quote Progression- Genetics: "Reintegrates genetic technologies for a more cohesive Rimworld."</1.5>
	<1.4>Well, to quote a better description:
		
		"Reintegrates genetic technologies for a more cohesive Rimworld."
		
		basically, just some patches, so there are no true hard reqriements. The 1.5 version does have some hard reqriments, but not this one!
	</1.4>
</descriptionsByVersion>

	<modDependenciesByVersion>
		<1.4>
		</1.4>
		<1.5>
			<li>
				<packageId>Ludeon.RimWorld.Biotech</packageId>
				<displayName>Biotech</displayName>
			</li>


			<li>
				<packageId>chtech.core</packageId>
				<displayName>CHTechIndustries Core</displayName>
				<steamWorkshopUrl>https://steamcommunity.com/sharedfiles/filedetails/?id=3097014712</steamWorkshopUrl>
				<downloadUrl>https://github.com/CHTechIndustries/CHTechIndustries-Rimworld-Core</downloadUrl>
			</li>
		
			<li>
				<packageId>vanillaexpanded.vgeneticse</packageId>
				<displayName>Vanilla Genetics Expanded</displayName>
				<steamWorkshopUrl>https://steamcommunity.com/sharedfiles/filedetails/?id=2801160906</steamWorkshopUrl>
			</li>
			<li>
				<packageId>vanillaexpanded.vgeneticsemorelabstuff</packageId>
				<displayName>Vanilla Genetics Expanded - More Lab Stuff</displayName>
				<steamWorkshopUrl>https://steamcommunity.com/sharedfiles/filedetails/?id=2810324444</steamWorkshopUrl>
			</li>
		</1.5>
	<modDependenciesByVersion>
	<loadAfter>
		<li>chtech.devorder</li>
		
		<!-- might trim this down some, but for now, keep this. these are the majority of current soft-compats. I think -->
		<li>Ludeon.Rimworld</li>		
		<li>Ludeon.Rimworld.Royalty</li>
		<li>Ludeon.Rimworld.Ideology</li>
		<li>Ludeon.Rimworld.Biotech</li>
		<li>ferny.xenooranimalgenetics</li>
		<li>VanillaExpanded.VGeneticsE</li>
		<li>VanillaExpanded.VFEA</li>
		<li>DanielWedemeyer.GeneRipper</li>
		<li>sarg.alphagenes</li>
		<li>resplice.xotr.core</li>
		<li>VanillaExpanded.VGeneticsEMoreLabStuff</li>
		<li>vanillaexpanded.achievements</li>
	</loadAfter>
	<loadBefore>
		<li>gege.exportedxenotypestoragemodfolder</li>
		<li>smashphil.xmlpatchhelper</li>
	</loadBefore>
	<incompatibleWith>
		<li>ferny.progressiongenetics</li>
	</incompatibleWith>
</ModMetaData>