<?xml version="1.0" encoding="utf-8" ?>
<Patch>         
                <Operation Class="PatchOperationReplace">
                    <xpath>Defs/ThingDef[defName="RS_GeneCentrifuge"]/researchPrerequisites</xpath>
                    <value>
                        <researchPrerequisites><li>Ferny_GenepackCentrifuge</li></researchPrerequisites>
                    </value>
                </Operation>   
                <Operation Class="PatchOperationReplace">
                    <xpath>Defs/ThingDef[defName="RS_GeneCentrifuge"]/label</xpath>
                    <value>
                        <label>genepack centrifuge</label>
                    </value>
                </Operation>  
                <Operation Class="PatchOperationReplace">
                    <xpath>Defs/ThingDef[defName="RS_XenoGermDuplicator"]/researchPrerequisites</xpath>
                    <value>
                        <researchPrerequisites><li>Ferny_XenogermReplicator</li></researchPrerequisites>
                    </value>
                </Operation>   
                <Operation Class="PatchOperationReplace">
                    <xpath>Defs/ThingDef[defName="RS_XenoGermDuplicator"]/label</xpath>
                    <value>
                        <label>xenogerm replicator</label>
                    </value>
                </Operation>     
</Patch>