<?xml version="1.0" encoding="utf-8" ?>
<Defs>
	<ResearchProjectDef>
		<defName>Ferny_GeneRipper</defName>
		<label>gene ripper</label>
		<description>A machine that can rip a selected gene directly from the host, at the cost of their life.</description>
		<baseCost>700</baseCost>
		<tab>GR_GeneticReseach</tab>
		<techLevel>Spacer</techLevel>
		<requiredResearchBuilding>HiTechResearchBench</requiredResearchBuilding>
		<prerequisites>
			<li>Xenogermination</li>
		</prerequisites>
		<researchViewX>1</researchViewX>
		<researchViewY>5.4</researchViewY>
	</ResearchProjectDef>
</Defs>