<?xml version="1.0" encoding="utf-8" ?>
<Defs>
	<ResearchProjectDef>
		<defName>Ferny_GenepackCentrifuge</defName>
		<label>genepack centrifuge</label>
		<description>Build a machine that can seperate genepacks, at the potential cost of losing all contained genes instead.</description>
		<baseCost>1000</baseCost>
		<tab>GR_GeneticReseach</tab>
		<techLevel>Spacer</techLevel>
		<prerequisites>
			<li>Xenogermination</li>
		</prerequisites>
		<requiredResearchBuilding>HiTechResearchBench</requiredResearchBuilding>
		<researchViewX>2.5</researchViewX>
		<researchViewY>5.4</researchViewY>

	</ResearchProjectDef>
	<ResearchProjectDef>
		<defName>Ferny_XenogermReplicator</defName>
		<label>xenogerm replicator</label>
		<description>Build a machine that can duplicate xenogerms, even with archite genes given the right amount of material.</description>
		<baseCost>1200</baseCost>
		<tab>GR_GeneticReseach</tab>
		<techLevel>Spacer</techLevel>
		<prerequisites>
			<li>Archogenetics</li>
		</prerequisites>
		<requiredResearchBuilding>HiTechResearchBench</requiredResearchBuilding>
		<researchViewX>4</researchViewX>
		<researchViewY>4.90</researchViewY>
	</ResearchProjectDef>
</Defs>